target_date,p_min,p_max,actual_price,Open,High,Low,Close,inside_range,prob_stress,close_breach_direction,low_below_pmin,high_above_pmax
2020-01-02,1.11649762735423,1.12887640775715,1.1166,1.1218,1.1225,1.1162,1.117,True,0.0125909677342163,inside,True,False
2020-01-03,1.11012719310998,1.1230504484342,1.1173,1.1171,1.118,1.1125,1.1153,True,0.0357029501966829,inside,False,False
2020-01-06,1.11097556469817,1.12352350614174,1.1187,1.1161,1.1206,1.1156,1.1194,True,0.0185322757305463,inside,False,False
2020-01-07,1.11252026009081,1.12485414794965,1.1138,1.1195,1.1197,1.1133,1.1153,True,0.0109743774372283,inside,False,False
2020-01-08,1.10749574108363,1.12008053758004,1.1117,1.1154,1.1167,1.1101,1.1113,True,0.0196201440025062,inside,False,False
2020-01-09,1.10548356983397,1.11789202403995,1.1106,1.1113,1.112,1.1093,1.1109,True,0.0133524063907993,inside,False,False
2020-01-10,1.10446560983488,1.11670930083188,1.1119,1.1109,1.1129,1.1085,1.1119,True,0.0078729112284926,inside,False,False
2020-01-13,1.10583440016557,1.11793977955048,1.1138,1.1116,1.1146,1.1113,1.1134,True,0.0052214215339725,inside,False,False
2020-01-14,1.10772427163963,1.11977331342588,1.113,1.1134,1.1144,1.1104,1.1128,True,0.0042103843361142,inside,False,False
2020-01-15,1.10700469047712,1.11896890258242,1.116,1.1127,1.1163,1.1118,1.1152,True,0.003156027876608,inside,False,False
2020-01-16,1.10998872582784,1.12198490040759,1.1131,1.1152,1.1171,1.1127,1.1137,True,0.0037412004928034,inside,False,False
2020-01-17,1.10710455453533,1.11906925142917,1.1093,1.1135,1.1143,1.1086,1.1089,True,0.0041161810617853,inside,False,False
2020-01-21,1.10332518879122,1.11524879558464,1.1096,1.1096,1.1118,1.1079,1.1085,True,0.0057522688599485,inside,False,False
2020-01-22,1.10362383240086,1.11547391259314,1.1085,1.1085,1.1097,1.107,1.1096,True,0.0037785166478056,inside,False,False
2020-01-23,1.10260549282369,1.11436797390705,1.1041,1.1095,1.1107,1.1035,1.1053,True,0.0030140350692289,inside,False,False
2020-01-24,1.09815383845094,1.11002061100512,1.1026,1.1055,1.106,1.1019,1.1026,True,0.005561695806902,inside,False,False
2020-01-27,1.09673723918202,1.10843656998697,1.1019,1.1025,1.1037,1.1009,1.1019,True,0.0041173317918794,inside,False,False
2020-01-28,1.09604121474521,1.10773274788325,1.1008,1.1019,1.1025,1.0998,1.1022,True,0.003072237051155,inside,False,False
2020-01-29,1.09502226732013,1.10655106123024,1.1004,1.1022,1.1028,1.0992,1.1013,True,0.0026577409314774,inside,False,False
2020-01-30,1.09462461907517,1.1061488566697,1.1032,1.1014,1.1039,1.1006,1.1029,True,0.0023469151873115,inside,False,False
2020-01-31,1.09741011821841,1.1089633961883,1.1082,1.1027,1.1095,1.1016,1.1095,True,0.0029879701179072,inside,False,True
2020-02-03,1.10230849760623,1.11406573708246,1.1062,1.1088,1.1089,1.1035,1.1062,True,0.0070318844269243,inside,False,False
2020-02-04,1.10031936185573,1.11205504438442,1.1043,1.1062,1.1064,1.1033,1.1043,True,0.0053776602481027,inside,False,False
2020-02-05,1.09850488019304,1.1100688994261,1.1006,1.1044,1.1047,1.0992,1.0999,True,0.004294082866014,inside,False,False
2020-02-06,1.09474953050915,1.10642522046718,1.0979,1.1,1.1013,1.0964,1.098,True,0.00593112000114,inside,False,False
2020-02-07,1.09206409050268,1.10363529749099,1.095,1.0979,1.0985,1.0941,1.0942,True,0.0056283732115255,inside,False,False
2020-02-10,1.08917970474995,1.10072005843592,1.0916,1.0948,1.0957,1.0907,1.0908,True,0.0057334429923954,inside,False,False
2020-02-11,1.08579795400938,1.097377317632,1.0917,1.091,1.0924,1.0892,1.0918,True,0.0068441605699517,inside,False,False
2020-02-12,1.08597199114894,1.09740262665504,1.0893,1.0919,1.0925,1.0865,1.0875,True,0.0042077091052127,inside,False,False
2020-02-13,1.08358479659385,1.09498999307609,1.0848,1.0875,1.0889,1.0834,1.0842,True,0.0040368574966034,inside,True,False
2020-02-14,1.07903467721324,1.09054106152678,1.0839,1.0841,1.0861,1.0828,1.083,True,0.0077217781239463,inside,False,False
2020-02-18,1.07821348657993,1.08956162315115,1.0815,1.0836,1.0837,1.0785,1.0794,True,0.0048314715630499,inside,False,False
2020-02-19,1.07582628840905,1.08714899121737,1.0794,1.0794,1.0811,1.0782,1.0809,True,0.0044832376869649,inside,False,False
2020-02-20,1.07373752415876,1.08503792273828,1.0797,1.0809,1.0821,1.0778,1.0786,True,0.0039595418751563,inside,False,False
2020-02-21,1.07410968864681,1.08526511647118,1.0855,1.0787,1.0863,1.0786,1.0845,False,0.0029109276445587,upper,False,True
2020-02-24,1.07965801079378,1.09124433716837,1.0857,1.0838,1.0872,1.0808,1.0848,True,0.0099631355523905,inside,False,False
2020-02-25,1.07993107495142,1.091370603794,1.0868,1.0848,1.0889,1.0829,1.0879,True,0.0056258662084578,inside,False,False
2020-02-26,1.08109943632118,1.09247624130148,1.0887,1.0879,1.0906,1.0855,1.0885,True,0.003905646468462,inside,False,False
2020-02-27,1.08298968952864,1.09431119096018,1.0977,1.0885,1.1006,1.0885,1.0996,False,0.0034444138575718,upper,False,True
2020-02-28,1.09134462111711,1.10396183662056,1.1001,1.0996,1.1053,1.0951,1.1027,True,0.0352978963416561,inside,False,True
2020-03-02,1.09388062399319,1.10629972407523,1.1164,1.105,1.1183,1.1036,1.1141,False,0.0252407773337222,upper,False,True
2020-03-03,1.10659780170604,1.12623213570123,1.1175,1.1144,1.1211,1.1096,1.1176,True,0.358637039246157,inside,False,False
2020-03-04,1.10852262786917,1.12649330812786,1.113,1.1177,1.1185,1.1095,1.1138,True,0.232861387827779,inside,False,False
2020-03-05,1.10383231909224,1.1221105508818,1.1202,1.1139,1.1244,1.112,1.1223,True,0.262476592902708,inside,False,True
2020-03-06,1.10960525070956,1.13083893382594,1.1319,1.1222,1.1354,1.1213,1.129,False,0.492580204598593,upper,False,True
2020-03-09,1.11950670867074,1.14429413736052,1.142,1.1387,1.1492,1.1355,1.14,True,0.877458231963411,inside,False,True
2020-03-10,1.12910890274072,1.15497945984019,1.1342,1.1397,1.1425,1.1274,1.1317,True,0.967453034567395,inside,True,False
2020-03-11,1.12124322023635,1.14716949253419,1.128,1.1314,1.1367,1.1251,1.1261,True,0.983593278867795,inside,False,False
2020-03-12,1.11511406722733,1.14097666926135,1.1081,1.1259,1.1333,1.1055,1.1183,False,0.986877718213531,lower,True,False
2020-03-13,1.09461241589682,1.121695276058,1.1066,1.1182,1.1221,1.1055,1.1142,True,0.995408438652105,inside,False,True
2020-03-16,1.09320597724681,1.120099844458,1.1139,1.1153,1.1236,1.1086,1.116,True,0.990282790533564,inside,False,True
2020-03-17,1.10041739001597,1.1274890693007,1.0971,1.1163,1.1189,1.0956,1.1016,False,0.99165030969806,lower,True,False
2020-03-18,1.08329822079993,1.1110188411475,1.0833,1.1016,1.1045,1.0802,1.0958,True,0.995842456957848,inside,True,False
2020-03-19,1.06930355633954,1.09734586002103,1.0699,1.0945,1.0947,1.0653,1.0656,True,0.996377266021182,inside,True,False
2020-03-20,1.05585772054609,1.08407057011256,1.0682,1.0655,1.083,1.0638,1.0761,True,0.996394464720467,inside,False,False
2020-03-23,1.05425270635753,1.08227357006051,1.076,1.0689,1.0827,1.0657,1.0764,True,0.992234594624523,inside,False,True
2020-03-24,1.06187773104985,1.09017663751249,1.0794,1.0763,1.0888,1.0746,1.0798,True,0.992369800128645,inside,False,False
2020-03-25,1.06530639996711,1.09354628314148,1.0835,1.0801,1.0894,1.076,1.0889,True,0.987928284833023,inside,False,False
2020-03-26,1.06942636447796,1.09769982423478,1.1025,1.0886,1.1058,1.0875,1.1048,False,0.98357827910402,upper,False,True
2020-03-27,1.08757868567298,1.11756468050446,1.1059,1.1047,1.1167,1.0955,1.1166,True,0.992628253210517,inside,False,False
2020-03-30,1.09100776932111,1.12093406793766,1.1018,1.1137,1.1137,1.101,1.1029,True,0.988191283488683,inside,False,False
2020-03-31,1.08703775326959,1.11670159298105,1.1016,1.1028,1.1042,1.0927,1.1026,True,0.983619944533329,inside,False,False
2020-04-01,1.0869898794563,1.11634552443133,1.0934,1.1026,1.1036,1.0902,1.0953,True,0.973380003402047,inside,False,False
2020-04-02,1.07882432296927,1.10811197801983,1.0862,1.0953,1.0964,1.0821,1.0846,True,0.979133848826594,inside,False,False
2020-04-03,1.07172010680313,1.10081524984392,1.0797,1.0844,1.0855,1.0773,1.0799,True,0.981034571266751,inside,False,False
2020-04-06,1.06530668851467,1.09422784185175,1.0808,1.0805,1.0835,1.0768,1.0801,True,0.981114024496014,inside,False,False
2020-04-07,1.06653863627061,1.09519220307969,1.0886,1.0799,1.0922,1.0789,1.0895,True,0.970434191593996,inside,False,False
2020-04-08,1.07416174227055,1.10317193163308,1.0864,1.0893,1.0897,1.083,1.0859,True,0.976107824626466,inside,False,False
2020-04-09,1.07213825915977,1.10079130751276,1.0931,1.0859,1.0952,1.0841,1.0925,True,0.965149613744344,inside,False,False
2020-04-10,1.07875016144096,1.10758016958953,1.0951,1.0921,1.0952,1.0918,1.0935,True,0.968177563277687,inside,False,False
2020-04-13,1.08079839485189,1.10953031095424,1.0906,1.093,1.0968,1.0892,1.0919,True,0.954089343323189,inside,False,False
2020-04-14,1.07643114155175,1.10489513954166,1.0971,1.0918,1.099,1.0915,1.0985,True,0.947067339321435,inside,False,False
2020-04-15,1.08284659488838,1.11148041437598,1.0909,1.0983,1.0987,1.0857,1.0903,True,0.951869901050418,inside,False,False
2020-04-16,1.07672713977944,1.1051991505371,1.084,1.0902,1.0907,1.0817,1.0858,True,0.954376069681833,inside,False,False
2020-04-17,1.06991664754953,1.0982088106061,1.0883,1.0859,1.0893,1.0812,1.0871,True,0.960343878573091,inside,False,False
2020-04-20,1.07423459989941,1.10248947233198,1.0874,1.0864,1.0896,1.0841,1.0864,True,0.953220939433869,inside,False,False
2020-04-21,1.07349378649704,1.10142645797413,1.0854,1.0864,1.088,1.0817,1.0855,True,0.931531756557457,inside,False,False
2020-04-22,1.07159321300364,1.09932501755912,1.0829,1.0856,1.0884,1.0803,1.0805,True,0.905957222863124,inside,False,False
2020-04-23,1.06927190368572,1.09664238900022,1.0815,1.0806,1.0846,1.0756,1.0774,True,0.876659149947596,inside,False,False
2020-04-24,1.06810944547878,1.09499924656171,1.0798,1.0772,1.0828,1.0727,1.0825,True,0.83141663034199,inside,False,False
2020-04-27,1.06657703679753,1.09312794232859,1.0829,1.082,1.086,1.081,1.0822,True,0.777023529325009,inside,False,False
2020-04-28,1.06978594551635,1.09604072493818,1.0836,1.0824,1.0888,1.0808,1.0833,True,0.732903149555162,inside,False,False
2020-04-29,1.07077123634966,1.09652355726433,1.0853,1.0832,1.0885,1.0831,1.0876,True,0.651280596572692,inside,False,False
2020-04-30,1.07274536775748,1.0979427040885,1.0934,1.0876,1.097,1.0835,1.0945,True,0.569796259672697,inside,False,False
