"target_date","confidence_level","p_min","p_max","actual_price"
2020-01-02,0.2,1.1220166117235,1.12332368136776,1.1166
2020-01-02,0.5,1.1207878178689,1.12447824253379,1.1166
2020-01-02,0.8,1.11902378398676,1.12632800917477,1.1166
2020-01-02,0.95,1.11649762735423,1.12887640775715,1.1166
2020-01-03,0.2,1.11584390924434,1.11729681159926,1.1173
2020-01-03,0.5,1.11469821574869,1.11844517594727,1.1173
2020-01-03,0.8,1.11279134008517,1.12036174000576,1.1173
2020-01-03,0.95,1.11012719310998,1.1230504484342,1.1173
2020-01-06,0.2,1.11654352862493,1.117920734559,1.1187
2020-01-06,0.5,1.1153971531376,1.11914634363334,1.1187
2020-01-06,0.8,1.11356540002446,1.12098727708814,1.1187
2020-01-06,0.95,1.11097556469817,1.12352350614174,1.1187
2020-01-07,0.2,1.11794267013004,1.11932156000256,1.1138
2020-01-07,0.5,1.11679489290614,1.12047193398883,1.1138
2020-01-07,0.8,1.11496089993313,1.12231499203105,1.1138
2020-01-07,0.95,1.11252026009081,1.12485414794965,1.1138
2020-01-08,0.2,1.11304602489207,1.11441885755957,1.1117
2020-01-08,0.5,1.11190328962207,1.1156405746962,1.1117
2020-01-08,0.8,1.11007735297913,1.11747566213423,1.1117
2020-01-08,0.95,1.10749574108363,1.12008053758004,1.1117
2020-01-09,0.2,1.11094753101155,1.11231773581639,1.1106
2020-01-09,0.5,1.10980698311684,1.11353711431324,1.1106
2020-01-09,0.8,1.107984541534,1.11536868891116,1.1106
2020-01-09,0.95,1.10548356983397,1.11789202403995,1.1106
2020-01-10,0.2,1.10984836738264,1.1112171735341,1.1119
2020-01-10,0.5,1.10870898367581,1.11235913482505,1.1119
2020-01-10,0.8,1.1069642000711,1.11418871438872,1.1119
2020-01-10,0.95,1.10446560983488,1.11670930083188,1.1119
2020-01-13,0.2,1.11122366403091,1.11251794355781,1.1138
2020-01-13,0.5,1.1100829031798,1.11366120674341,1.1138
2020-01-13,0.8,1.10826012117081,1.11549287204741,1.1138
2020-01-13,0.95,1.10583440016557,1.11793977955048,1.1138
2020-01-14,0.2,1.11312259038227,1.1144190444062,1.113
2020-01-14,0.5,1.1119799129223,1.11556422833283,1.113
2020-01-14,0.8,1.11015406836082,1.11739897085851,1.113
2020-01-14,0.95,1.10772427163963,1.11977331342588,1.113
2020-01-15,0.2,1.11232316764067,1.11361864941118,1.116
2020-01-15,0.5,1.1111813470723,1.11476297448698,1.116
2020-01-15,0.8,1.1094328315977,1.11651989050379,1.116
2020-01-15,0.95,1.10700469047712,1.11896890258242,1.116
2020-01-16,0.2,1.11532141172,1.11662035437921,1.1131
2020-01-16,0.5,1.11417654073994,1.1177677364975,1.1131
2020-01-16,0.8,1.11242335399351,1.11952934602698,1.1131
2020-01-16,0.95,1.10998872582784,1.12198490040759,1.1131
2020-01-17,0.2,1.1124232479879,1.11371878225179,1.1093
2020-01-17,0.5,1.11128138109073,1.11486315363411,1.1093
2020-01-17,0.8,1.10953279455857,1.11662014063368,1.1093
2020-01-17,0.95,1.10710455453533,1.11906925142917,1.1093
2020-01-21,0.2,1.10862561669406,1.10991670173283,1.1096
2020-01-21,0.5,1.10748767125996,1.11105714299981,1.1096
2020-01-21,0.8,1.10566938759119,1.11280809593116,1.1096
2020-01-21,0.95,1.10332518879122,1.11524879558464,1.1096
2020-01-22,0.2,1.10892552525125,1.1102169182848,1.1085
2020-01-22,0.5,1.10778730831476,1.11135763156982,1.1085
2020-01-22,0.8,1.10604431099476,1.11310900206568,1.1085
2020-01-22,0.95,1.10362383240086,1.11547391259314,1.1085
2020-01-23,0.2,1.10782628274213,1.10911635533268,1.1041
2020-01-23,0.5,1.10668922958793,1.11025590220501,1.1041
2020-01-23,0.8,1.10494801434374,1.11200548180221,1.1041
2020-01-23,0.95,1.10260549282369,1.11436797390705,1.1041
2020-01-24,0.2,1.10342900295178,1.1047139339949,1.1026
2020-01-24,0.5,1.10229648147028,1.10584893921554,1.1026
2020-01-24,0.8,1.10056220572219,1.10759154584546,1.1026
2020-01-24,0.95,1.09815383845094,1.11002061100512,1.1026
2020-01-27,0.2,1.10193000049576,1.1032131469594,1.1019
2020-01-27,0.5,1.10079905188172,1.10434657578768,1.1019
2020-01-27,0.8,1.09906718466048,1.10608676206764,1.1019
2020-01-27,0.95,1.09673723918202,1.10843656998697,1.1019
2020-01-28,0.2,1.10123051554146,1.10251280678146,1.1008
2020-01-28,0.5,1.10010032067115,1.1036454801343,1.1008
2020-01-28,0.8,1.09836960761666,1.10538450643906,1.1008
2020-01-28,0.95,1.09604121474521,1.10773274788325,1.1008
2020-01-29,0.2,1.1001312718797,1.10141224319849,1.1004
2020-01-29,0.5,1.09900224033228,1.10246828062216,1.1004
2020-01-29,0.8,1.09727330865108,1.10420539782247,1.1004
2020-01-29,0.95,1.09502226732013,1.10655106123024,1.1004
2020-01-30,0.2,1.09973160497114,1.1010120700353,1.1032
2020-01-30,0.5,1.09860301959056,1.10206769006506,1.1032
2020-01-30,0.8,1.09694985574611,1.10380412060764,1.1032
2020-01-30,0.95,1.09462461907517,1.1061488566697,1.1032
2020-01-31,0.2,1.10252997377411,1.10381366553236,1.1082
2020-01-31,0.5,1.10139854439654,1.10487194563281,1.1082
2020-01-31,0.8,1.09974121458355,1.10661275177519,1.1082
2020-01-31,0.95,1.09741011821841,1.1089633961883,1.1082
2020-02-03,0.2,1.10752696373277,1.10881646144214,1.1062
2020-02-03,0.5,1.10639041705301,1.10995550029163,1.1062
2020-02-03,0.8,1.1046499769965,1.11170429950756,1.1062
2020-02-03,0.95,1.10230849760623,1.11406573708246,1.1062
2020-02-04,0.2,1.10552826034688,1.10681539375717,1.1043
2020-02-04,0.5,1.10439379749399,1.10795234413852,1.1043
2020-02-04,0.8,1.1026565484209,1.10962198431395,1.1043
2020-02-04,0.95,1.10031936185573,1.11205504438442,1.1043
2020-02-05,0.2,1.10362949676657,1.10491438199391,1.1006
2020-02-05,0.5,1.10249701539708,1.10597364591876,1.1006
2020-02-05,0.8,1.10083814447342,1.10771607024336,1.1006
2020-02-05,0.95,1.09850488019304,1.1100688994261,1.1006
2020-02-06,0.2,1.09993180198092,1.10121235559196,1.0979
2020-02-06,0.5,1.09880313841682,1.10234349384471,1.0979
2020-02-06,0.8,1.09707476991806,1.10400459865829,1.0979
2020-02-06,0.95,1.09474953050915,1.10642522046718,1.0979
2020-02-07,0.2,1.09723351464633,1.0985108935491,1.095
2020-02-07,0.5,1.09610764919732,1.09956396918108,1.095
2020-02-07,0.8,1.09438356550775,1.10129621403988,1.095
2020-02-07,0.95,1.09206409050268,1.10363529749099,1.095
2020-02-10,0.2,1.09433534559163,1.09560931850858,1.0916
2020-02-10,0.5,1.09321248210415,1.09665958620601,1.0916
2020-02-10,0.8,1.09149299538461,1.09838721212968,1.0916
2020-02-10,0.95,1.08917970474995,1.10072005843592,1.0916
2020-02-11,0.2,1.09093747201654,1.09220746085351,1.0917
2020-02-11,0.5,1.08981812001893,1.09332926694266,1.0917
2020-02-11,0.8,1.08810401053738,1.09505160786299,1.0917
2020-02-11,0.95,1.08579795400938,1.097377317632,1.0917
2020-02-12,0.2,1.09103750033947,1.09230756522103,1.0893
2020-02-12,0.5,1.08991808127817,1.09335461106033,1.0893
2020-02-12,0.8,1.08827834390259,1.09507693710693,1.0893
2020-02-12,0.95,1.08597199114894,1.09740262665504,1.0893
2020-02-13,0.2,1.08863903283078,1.08990627116719,1.0848
2020-02-13,0.5,1.08752210501719,1.09095098676283,1.0848
2020-02-13,0.8,1.08588601679233,1.09266947964261,1.0848
2020-02-13,0.95,1.08358479659385,1.09498999307609,1.0848
2020-02-14,0.2,1.08414180435523,1.08540378904785,1.0839
2020-02-14,0.5,1.08302950701875,1.08651852482904,1.0839
2020-02-14,0.8,1.08132620046492,1.08823001033952,1.0839
2020-02-14,0.95,1.07903467721324,1.09054106152678,1.0839
2020-02-18,0.2,1.08324243727438,1.0845033356498,1.0815
2020-02-18,0.5,1.08213109736612,1.08554282450934,1.0815
2020-02-18,0.8,1.08050319427208,1.08725271963025,1.0815
2020-02-18,0.95,1.07821348657993,1.08956162315115,1.0815
2020-02-19,0.2,1.08084396847443,1.08210204088926,1.0794
2020-02-19,0.5,1.07973511929924,1.08313919998755,1.0794
2020-02-19,0.8,1.07811086460304,1.0848452627362,1.0794
2020-02-19,0.95,1.07582628840905,1.08714899121737,1.0794
2020-02-20,0.2,1.07874532046944,1.08000091464812,1.0797
2020-02-20,0.5,1.07763865554615,1.08103603064926,1.0797
2020-02-20,0.8,1.07601760030869,1.08273873256826,1.0797
2020-02-20,0.95,1.07373752415876,1.08503792273828,1.0797
2020-02-21,0.2,1.07904522592561,1.08030112950286,1.0855
2020-02-21,0.5,1.07801204876702,1.08133650053854,1.0855
2020-02-21,0.8,1.07631683345172,1.08303962190553,1.0855
2020-02-21,0.95,1.07410968864681,1.08526511647118,1.0855
2020-02-24,0.2,1.08484170935239,1.08610435911652,1.0857
2020-02-24,0.5,1.08372882568598,1.08721968222377,1.0857
2020-02-24,0.8,1.08202462099866,1.08893206920891,1.0857
2020-02-24,0.95,1.07965801079378,1.09124433716837,1.0857
2020-02-25,0.2,1.085041676069,1.08630451863299,1.0868
2020-02-25,0.5,1.08392862243269,1.08734561015694,1.0868
2020-02-25,0.8,1.0822241573934,1.08905814130446,1.0868
2020-02-25,0.95,1.07993107495142,1.091370603794,1.0868
2020-02-26,0.2,1.08614109367419,1.08740517741574,1.0887
2020-02-26,0.5,1.0850269460425,1.08844729213695,1.0887
2020-02-26,0.8,1.08339492985572,1.09016150631478,1.0887
2020-02-26,0.95,1.08109943632118,1.09247624130148,1.0887
2020-02-27,0.2,1.08804002002805,1.08930627826546,1.0977
2020-02-27,0.5,1.0869983244419,1.09035018561704,1.0977
2020-02-27,0.8,1.0852891320748,1.09206734849985,1.0977
2020-02-27,0.95,1.08298968952864,1.09431119096018,1.0977
2020-02-28,0.2,1.09695938933383,1.09831122649497,1.1001
2020-02-28,0.5,1.09583412947651,1.09951425802651,1.1001
2020-02-28,0.8,1.09396126088609,1.10139663338312,1.1001
2020-02-28,0.95,1.09134462111711,1.10396183662056,1.1001
2020-03-02,0.2,1.09935784576873,1.10071260323094,1.1164
2020-03-02,0.5,1.09823015503983,1.1019182335701,1.1164
2020-03-02,0.8,1.09642825542785,1.10372915555945,1.1164
2020-03-02,0.95,1.09388062399319,1.10629972407523,1.1164
2020-03-03,0.2,1.11541724766777,1.11732717795385,1.1175
2020-03-03,0.5,1.11366299539474,1.11901062167534,1.1175
2020-03-03,0.8,1.11077070818194,1.12192436443811,1.1175
2020-03-03,0.95,1.10659780170604,1.12623213570123,1.1175
2020-03-04,0.2,1.11659278317813,1.11835159694357,1.113
2020-03-04,0.5,1.11498932557618,1.11988325200819,1.113
2020-03-04,0.8,1.11239813186486,1.12256869769234,1.113
2020-03-04,0.95,1.10852262786917,1.12649330812786,1.113
2020-03-05,0.2,1.11202038544096,1.1138481882835,1.1202
2020-03-05,0.5,1.1104995078139,1.11544998008189,1.1202
2020-03-05,0.8,1.10776716792369,1.11812475357913,1.1202
2020-03-05,0.95,1.10383231909224,1.1221105508818,1.1202
2020-03-06,0.2,1.11906083829177,1.12120709813022,1.1319
2020-03-06,0.5,1.11722445729639,1.12312687972886,1.1319
2020-03-06,0.8,1.11394180779362,1.12635951568912,1.1319
2020-03-06,0.95,1.10960525070956,1.13083893382594,1.1319
2020-03-09,0.2,1.13036180091496,1.13330525008079,1.142
2020-03-09,0.5,1.12788903717719,1.13586762088028,1.142
2020-03-09,0.8,1.12403616872621,1.13976104410165,1.142
2020-03-09,0.95,1.11950670867074,1.14429413736052,1.142
2020-03-10,0.2,1.14036982637641,1.14357426900014,1.1342
2020-03-10,0.5,1.13764143190087,1.14631689214169,1.1342
2020-03-10,0.8,1.13367745325916,1.15032506542239,1.1342
2020-03-10,0.95,1.12910890274072,1.15497945984019,1.1342
2020-03-11,0.2,1.13250338584494,1.13576350591331,1.128
2020-03-11,0.5,1.12979376867252,1.13856536310068,1.128
2020-03-11,0.8,1.12578001815934,1.1425464968449,1.128
2020-03-11,0.95,1.12124322023635,1.14716949253419,1.128
2020-03-12,0.2,1.12631266540772,1.12963227116951,1.1081
2020-03-12,0.5,1.12361786367581,1.13234149741019,1.1081
2020-03-12,0.8,1.1196260592293,1.13637863622728,1.1081
2020-03-12,0.95,1.11511406722733,1.14097666926135,1.1081
2020-03-13,0.2,1.10636555950541,1.10977928179072,1.1066
2020-03-13,0.5,1.1034910396028,1.11267018214109,1.1066
2020-03-13,0.8,1.09934377272461,1.11686772280783,1.1066
2020-03-13,0.95,1.09461241589682,1.121695276058,1.1066
2020-03-16,0.2,1.10486802417872,1.10827702338921,1.1139
2020-03-16,0.5,1.10199748108983,1.11108785645218,1.1139
2020-03-16,0.8,1.09793111287501,1.11527930187557,1.1139
2020-03-16,0.95,1.09320597724681,1.120099844458,1.1139
2020-03-17,0.2,1.11215654079544,1.11558807901631,1.0971
2020-03-17,0.5,1.10926701888517,1.11849406661197,1.0971
2020-03-17,0.8,1.1050981073804,1.122713513511,1.0971
2020-03-17,0.95,1.10041739001597,1.1274890693007,1.0971
2020-03-18,0.2,1.0953070406294,1.09883775895267,1.0833
2020-03-18,0.5,1.09238590972283,1.10177614264145,1.0833
2020-03-18,0.8,1.08813057250699,1.10608484340013,1.0833
2020-03-18,0.95,1.08329822079993,1.1110188411475,1.0833
2020-03-19,0.2,1.081455016905,1.08501584653339,1.0699
2020-03-19,0.5,1.07849658732479,1.08806667145463,1.0699
2020-03-19,0.8,1.07422123387178,1.09239712914271,1.0699
2020-03-19,0.95,1.06930355633954,1.09734586002103,1.0699
2020-03-20,0.2,1.06807734596291,1.07166796992424,1.0682
2020-03-20,0.5,1.06508219251722,1.07468164345601,1.0682
2020-03-20,0.8,1.06071417403207,1.07903327187559,1.0682
2020-03-20,0.95,1.05585772054609,1.08407057011256,1.0682
2020-03-23,0.2,1.06638035684872,1.06996517042688,1.076
2020-03-23,0.5,1.06339004991913,1.07290048108092,1.076
2020-03-23,0.8,1.05910163472721,1.07731855267072,1.076
2020-03-23,0.95,1.05425270635753,1.08227357006051,1.076
2020-03-24,0.2,1.07416697177715,1.07777805143395,1.0794
2020-03-24,0.5,1.07115475497517,1.08080889374712,1.0794
2020-03-24,0.8,1.06683491908624,1.08518531315819,1.0794
2020-03-24,0.95,1.06187773104985,1.09017663751249,1.0794
2020-03-25,0.2,1.07756126083656,1.08118367666124,1.0835
2020-03-25,0.5,1.0746131861059,1.084149776759,1.0835
2020-03-25,0.8,1.0702794916823,1.08853963368741,1.0835
2020-03-25,0.95,1.06530639996711,1.09354628314148,1.0835
2020-03-26,0.2,1.08165433931033,1.08521612855876,1.1025
2020-03-26,0.5,1.07869511321119,1.08826777644785,1.1025
2020-03-26,0.8,1.07434502594952,1.09267423775894,1.1025
2020-03-26,0.95,1.06942636447796,1.09769982423478,1.1025
2020-03-27,0.2,1.10054542759501,1.10439741595551,1.1059
2020-03-27,0.5,1.09738329199,1.10757976292266,1.1059
2020-03-27,0.8,1.09280683993854,1.11221808096108,1.1059
2020-03-27,0.95,1.08757868567298,1.11756468050446,1.1059
2020-03-30,0.2,1.10393948709512,1.10772738268191,1.1018
2020-03-30,0.5,1.10076766654069,1.11091925739616,1.1018
2020-03-30,0.8,1.09617719744645,1.11557146192035,1.1018
2020-03-30,0.95,1.09100776932111,1.12093406793766,1.1018
2020-03-31,0.2,1.09984683003683,1.10362061404341,1.1016
2020-03-31,0.5,1.09676195831379,1.10680059743591,1.1016
2020-03-31,0.8,1.09218827686964,1.11143546988609,1.1016
2020-03-31,0.95,1.08703775326959,1.11670159298105,1.1016
2020-04-01,0.2,1.09972264720872,1.10342029430162,1.0934
2020-04-01,0.5,1.09663822103127,1.10652379587141,1.0934
2020-04-01,0.8,1.09206519965606,1.11108124627348,1.0934
2020-04-01,0.95,1.0869898794563,1.11634552443133,1.0934
2020-04-02,0.2,1.0915365243877,1.09520673633159,1.0862
2020-04-02,0.5,1.0884004193687,1.09836245299756,1.0862
2020-04-02,0.8,1.08393589316796,1.10288639945992,1.0862
2020-04-02,0.95,1.07882432296927,1.10811197801983,1.0862
2020-04-03,0.2,1.08434874793391,1.08799483503914,1.0797
2020-04-03,0.5,1.08123325710657,1.09112980883547,1.0797
2020-04-03,0.8,1.07679807723747,1.09562401909181,1.0797
2020-04-03,0.95,1.07172010680313,1.10081524984392,1.0797
2020-04-06,0.2,1.07785980964946,1.08148409305914,1.0808
2020-04-06,0.5,1.07476294957844,1.0846003196713,1.0808
2020-04-06,0.8,1.07035429232171,1.08906765455684,1.0808
2020-04-06,0.95,1.06530668851467,1.09422784185175,1.0808
2020-04-07,0.2,1.07895805432884,1.08258592077837,1.0886
2020-04-07,0.5,1.07593183640917,1.08563085429755,1.0886
2020-04-07,0.8,1.07151851745989,1.09010229846126,1.0886
2020-04-07,0.95,1.06653863627061,1.09519220307969,1.0886
2020-04-08,0.2,1.08674466832853,1.09039880170705,1.0864
2020-04-08,0.5,1.08369653982943,1.0934657817524,1.0864
2020-04-08,0.8,1.07925126769879,1.09796960130853,1.0864
2020-04-08,0.95,1.07416174227055,1.10317193163308,1.0864
2020-04-09,0.2,1.08454852810654,1.08819517573399,1.0931
2020-04-09,0.5,1.08150664365445,1.09118111912444,1.0931
2020-04-09,0.8,1.07714426396426,1.09567540358187,1.0931
2020-04-09,0.95,1.07213825915977,1.10079130751276,1.0931
2020-04-10,0.2,1.09123707477118,1.09490624391042,1.0951
2020-04-10,0.5,1.0881764038768,1.09791062841681,1.0951
2020-04-10,0.8,1.08378708259979,1.10243266960464,1.0951
2020-04-10,0.95,1.07875016144096,1.10758016958953,1.0951
2020-04-13,0.2,1.09323377693779,1.096834418722,1.0906
2020-04-13,0.5,1.09024227295933,1.09991935633154,1.0906
2020-04-13,0.8,1.08584473993011,1.10437388976627,1.0906
2020-04-13,0.95,1.08079839485189,1.10953031095424,1.0906
2020-04-14,0.2,1.08881608907536,1.09232729777333,1.0971
2020-04-14,0.5,1.08576233829652,1.09532447798888,1.0971
2020-04-14,0.8,1.08145702026805,1.09976033634422,1.0971
2020-04-14,0.95,1.07643114155175,1.10489513954166,1.0971
2020-04-15,0.2,1.09523040394945,1.09883758996451,1.0909
2020-04-15,0.5,1.09223346277948,1.10185265196791,1.0909
2020-04-15,0.8,1.08782793690699,1.10631497565093,1.0909
2020-04-15,0.95,1.08284659488838,1.11148041437598,1.0909
2020-04-16,0.2,1.08904096833378,1.09262777026453,1.084
2020-04-16,0.5,1.08606096277814,1.09562579425879,1.084
2020-04-16,0.8,1.08175443295873,1.10006290151241,1.084
2020-04-16,0.95,1.07672713977944,1.1051991505371,1.084
2020-04-17,0.2,1.08215269320154,1.08571683856039,1.0883
2020-04-17,0.5,1.07919151137321,1.08877050696768,1.0883
2020-04-17,0.8,1.07483855212909,1.09317988885452,1.0883
2020-04-17,0.95,1.06991664754953,1.0982088106061,1.0883
2020-04-20,0.2,1.08651984932945,1.09002365482303,1.0874
2020-04-20,0.5,1.08354676013515,1.09301451564133,1.0874
2020-04-20,0.8,1.079176296761,1.09744102122931,1.0874
2020-04-20,0.95,1.07423459989941,1.10248947233198,1.0874
2020-04-21,0.2,1.08562144197746,1.08912224206347,1.0854
2020-04-21,0.5,1.08272506702024,1.09203572996853,1.0854
2020-04-21,0.8,1.07835805244438,1.09638302986956,1.0854
2020-04-21,0.95,1.07349378649704,1.10142645797413,1.0854
2020-04-22,0.2,1.08362482348763,1.08704462282207,1.0829
2020-04-22,0.5,1.0807338571097,1.08995247051761,1.0829
2020-04-22,0.8,1.07652246661577,1.09429135409017,1.0829
2020-04-22,0.95,1.07159321300364,1.09932501755912,1.0829
2020-04-23,0.2,1.08120307098414,1.08454084752218,1.0815
2020-04-23,0.5,1.07839250513638,1.08736743751796,1.0815
2020-04-23,0.8,1.07411677350504,1.0916211412864,1.0815
2020-04-23,0.95,1.06927190368572,1.09664238900022,1.0815
2020-04-24,0.2,1.07980537874402,1.08306455423289,1.0798
2020-04-24,0.5,1.07707230089589,1.08588721209511,1.0798
2020-04-24,0.8,1.07294890312361,1.09006033245366,1.0798
2020-04-24,0.95,1.06810944547878,1.09499924656171,1.0798
2020-04-27,0.2,1.07818199804732,1.08136211111014,1.0829
2020-04-27,0.5,1.07545310852534,1.08403174385624,1.0829
2020-04-27,0.8,1.07140941018429,1.08819761193703,1.0829
2020-04-27,0.95,1.06657703679753,1.09312794232859,1.0829
2020-04-28,0.2,1.08127743603273,1.08439233463939,1.0836
2020-04-28,0.5,1.07868852317633,1.08706938874153,1.0836
2020-04-28,0.8,1.0746327496524,1.09117209940892,1.0836
2020-04-28,0.95,1.06978594551635,1.09604072493818,1.0836
2020-04-29,0.2,1.08205060787294,1.08509331870023,1.0853
2020-04-29,0.5,1.07953385667124,1.08762303085045,1.0853
2020-04-29,0.8,1.07554868964826,1.09157817281303,1.0853
2020-04-29,0.95,1.07077123634966,1.09652355726433,1.0853
2020-04-30,0.2,1.08382250645348,1.08672125081452,1.0934
2020-04-30,0.5,1.08137576292207,1.0891800891592,1.0934
2020-04-30,0.8,1.07753149282836,1.09306591752829,1.0934
2020-04-30,0.95,1.07274536775748,1.0979427040885,1.0934
